MovieID,avg_rating
m2905,4.608695652173913
m2019,4.560509554140127
m318,4.554557700942973
m858,4.524966261808367
m745,4.52054794520548
m50,4.517106001121705
m527,4.510416666666667
m1148,4.507936507936508
m922,4.491489361702127
m1198,4.477724741447892
m904,4.476190476190476
m1178,4.473913043478261
m260,4.453694416583082
m1212,4.452083333333333
m750,4.4498902706656915
m720,4.426940639269406
m1207,4.425646551724138
m3435,4.415607985480944
m912,4.412822049131217
m670,4.410714285714286
m2762,4.406262708418057
m3030,4.404651162790698
m1204,4.401925391095066
m913,4.395973154362416
m1193,4.390724637681159
m923,4.388888888888889
m3307,4.387453874538745
m1250,4.386993603411514
m908,4.38403041825095
m1262,4.376436781609195
m3022,4.368932038834951
m1223,4.361522198731501
m1221,4.357565011820331
m3089,4.357142857142857
m593,4.3518231186966645
m326,4.344262295081967
m3134,4.33939393939394
m1252,4.339240506329114
m2028,4.337353938937053
m3429,4.335766423357664
m1136,4.335209505941213
m1267,4.333333333333333
m2324,4.329861111111111
m3470,4.326086956521739
m1131,4.324074074074074
m1147,4.32129963898917
m2731,4.320855614973262
m1234,4.320305052430887
m2858,4.3173862310385065
m2571,4.315830115830116
m1284,4.312384473197782
m2360,4.3076923076923075
m2186,4.304979253112033
m1197,4.3037100949094045
m1233,4.302697302697303
m1260,4.3019480519480515
m898,4.3006872852233675
m910,4.300480769230769
m953,4.299039780521262
m1203,4.295454545454546
m930,4.29438202247191
m1196,4.292976588628763
m1254,4.289183222958058
m2937,4.288461538461538
m1172,4.287804878048781
m1224,4.286384976525822
m2357,4.283720930232558
m3091,4.283687943262412
m899,4.2836218375499335
m905,4.280748663101604
m3469,4.279850746268656
m296,4.278212805158913
m1213,4.275196137598069
m3679,4.274193548387097
m541,4.273333333333333
m903,4.27292817679558
m2203,4.2703862660944205
m1945,4.269749518304431
m1217,4.26890756302521
m1272,4.266666666666667
m1132,4.259090909090909
m363,4.258064516129032
m926,4.255583126550868
m608,4.254675686430561
m3634,4.254545454545455
m1276,4.253763440860215
m1189,4.25278810408922
m1225,4.251808972503618
m969,4.251655629139073
m1278,4.250628667225482
m3730,4.249448123620309
m951,4.249370277078086
m1299,4.248633879781421
m919,4.247962747380675
m1247,4.245836637589215
m678,4.245098039215686
m1208,4.243197278911564
m954,4.240208877284595
m3468,4.24
m950,4.239726027397261
m2804,4.238905325443787
m3462,4.2360655737704915
m110,4.234957020057307
m2859,4.2343096234309625
m1949,4.232876712328767
m3801,4.231155778894473
m1237,4.230769230769231
m3196,4.228426395939087
m2925,4.228070175438597
m306,4.227544910179641
m3077,4.2272727272727275
m556,4.2272727272727275
m2329,4.2265625
m3897,4.22635814889336
m1104,4.225672877846791
m2692,4.224813432835821
m2609,4.223880597014926
m1617,4.219405594405594
m3114,4.218927444794953
m1219,4.218527315914489
m3683,4.218152866242038
m916,4.216470588235294
m1248,4.215953307392996
m1304,4.215644820295983
m1361,4.213836477987422
m1256,4.21043771043771
m1358,4.208156329651657
m2351,4.207207207207207
m928,4.204663212435233
m3038,4.202702702702703
m942,4.2020547945205475
m3789,4.198717948717949
m1218,4.19672131147541
m1927,4.1940298507462686
m1242,4.193345323741007
m2935,4.1931034482758625
m2920,4.19
m3629,4.189090909090909
m1236,4.188888888888889
m246,4.18854748603352
m1228,4.1875923190546525
m2208,4.185929648241206
m111,4.183870967741935
m911,4.183006535947713
m1288,4.179785330948121
m1283,4.1786600496277915
m1704,4.176356589147287
m1280,4.1732851985559565
m955,4.169491525423729
m2726,4.1692307692307695
m1269,4.168154761904762
m1066,4.1657142857142855
m1235,4.164992826398852
m1900,4.163934426229508
m2330,4.163043478260869
m1214,4.159584980237154
m3147,4.154664484451718
m914,4.154088050314465
m1240,4.152049571020019
m2066,4.150943396226415
m3035,4.149643705463183
m3000,4.147826086956521
m945,4.147410358565737
m1449,4.147186147186147
m1,4.146846413095811
m1300,4.1454545454545455
m2300,4.144376899696049
m1230,4.14167916041979
m1293,4.141579731743666
m1253,4.141323792486583
m3090,4.141242937853107
m2501,4.137755102040816
m3265,4.137614678899083
m2788,4.137472283813747
m1537,4.137142857142857
m1089,4.13582208101668
m3095,4.134357005758157
m1201,4.133819951338199
m1291,4.133292383292384
m1950,4.129310344827586
m1303,4.129032258064516
m2396,4.127479949345715
m909,4.127098321342926
m1200,4.125824175824176
m2997,4.125390450691656
m1294,4.124658780709736
m1939,4.122881355932203
m1036,4.121848739495798
m2918,4.11744738628649
m3949,4.115131578947368
m1952,4.113122171945701
m1211,4.1115702479338845
m1222,4.110845295055821
m1287,4.110795454545454
m1263,4.11
m47,4.106420404573439
m947,4.1063829787234045
m293,4.106175514626218
m3578,4.106029106029106
m1251,4.105263157894737
m1258,4.104875804967802
m457,4.103258145363409
m3811,4.102777777777778
m759,4.101694915254237
m933,4.10158013544018
m307,4.098765432098766
m1953,4.098722415795587
m1199,4.097480832420591
m1259,4.0969187675070025
m906,4.096256684491979
m1084,4.096209912536443
m1944,4.096153846153846
m1111,4.095744680851064
m994,4.095555555555555
m58,4.093812375249501
m2936,4.093167701863354
m1266,4.0902708124373115
m1090,4.090113735783027
m3088,4.089887640449438
m1387,4.089569829110195
m741,4.089171974522293
m2607,4.088235294117647
m2624,4.088235294117647
m2612,4.088235294117647
m356,4.087967183226983
m599,4.087121212121212
m3083,4.086294416243655
m3365,4.085714285714285
m446,4.082677165354331
m800,4.082539682539682
m2010,4.082474226804123
m3334,4.082429501084599
m1244,4.082172701949861
m2927,4.08080808080808
m3359,4.0807692307692305
m1231,4.08
m1086,4.079155672823219
m3741,4.078838174273859
m1206,4.0781122864117165
m2959,4.077188146106134
m936,4.075757575757576
m232,4.07514450867052
m965,4.075098814229249
m2132,4.074074074074074
m2064,4.0739348370927315
m3198,4.073846153846154
m150,4.073541167066347
m1307,4.073341836734694
m3911,4.073059360730594
m924,4.068764568764569
m1545,4.068493150684931
m1046,4.066666666666666
m2067,4.065602836879433
m162,4.063136456211812
m29,4.062034739454094
m3006,4.0588235294117645
m589,4.058512646281616
m1947,4.057818659658344
m213,4.056910569105691
m2682,4.056818181818182
m2677,4.056521739130435
m2966,4.055944055944056
m28,4.055865921787709
m1264,4.054474708171206
m1961,4.053383458646617
m1226,4.053097345132743
m3421,4.053024026512014
m1446,4.052910052910053
m1610,4.052058111380146
m3224,4.0519480519480515
m1963,4.051587301587301
m2973,4.05
m581,4.049645390070922
m971,4.047970479704797
m2761,4.0474777448071215
m3671,4.047363717605005
m615,4.044776119402985
m1719,4.044619422572178
m3037,4.04399323181049
m3508,4.043835616438356
m2819,4.040752351097178
m3341,4.03954802259887
m3097,4.038834951456311
m1041,4.037974683544304
m1942,4.033613445378151
m3507,4.033419023136247
m1281,4.032407407407407
m2917,4.031746031746032
m1931,4.0311111111111115
m1362,4.03
m2336,4.029850746268656
m3783,4.029787234042553
m1192,4.0285714285714285
m1935,4.02803738317757
m17,4.027544910179641
m3363,4.026262626262627
m3819,4.024489795918368
m1209,4.023121387283237
m1210,4.022892819979188
m3814,4.0228310502283104
m3467,4.021505376344086
m1394,4.02092050209205
m3504,4.020348837209302
m2728,4.018779342723005
m1080,4.018358531317495
m2248,4.017505470459518
m2972,4.015384615384615
m3471,4.0144727773949
m2908,4.014117647058823
m3007,4.013559322033898
m1292,4.013536379018612
m2313,4.013129102844639
m1934,4.012987012987013
m2206,4.0119760479041915
m2940,4.009345794392523
m2194,4.007985803016859
m3498,4.0067796610169495
m1797,4.005988023952096
m1246,4.005847953216374
m1245,4.005586592178771
m1249,4.005457025920873
m2944,4.0042432814710045
m1175,4.002717391304348
m1238,4.0
m456,4.0
m1827,4.0
m3737,4.0
m2575,4.0
m2670,4.0
m497,4.0
m920,3.9974048442906573
m1296,3.9964285714285714
m1674,3.9961759082217974
m2951,3.9942528735632186
m1177,3.993197278911565
m3929,3.993197278911565
m1348,3.991596638655462
m1270,3.9903213317847466
m1956,3.990138067061144
m1099,3.9896907216494846
m2983,3.9876543209876543
m1023,3.986425339366516
m3075,3.9855072463768115
m1243,3.9846153846153847
m943,3.982456140350877
m3735,3.981818181818182
m3347,3.981132075471698
m1759,3.980392156862745
m1077,3.9798387096774195
m2732,3.97972972972973
m529,3.977777777777778
m1096,3.9767441860465116
m949,3.9767441860465116
m1960,3.9764150943396226
m927,3.9761904761904763
m1301,3.9758713136729225
m1946,3.975609756097561
m2648,3.9753694581280787
m940,3.9735449735449735
m1289,3.9725274725274726
m3350,3.972027972027972
m3152,3.9717514124293785
m3062,3.971590909090909
m2020,3.9715394566623545
m1079,3.971342383107089
m2791,3.9711149624494513
m2947,3.971014492753623
m3742,3.97008547008547
m3362,3.969934640522876
m1273,3.9657534246575343
m308,3.9653465346534653
m1097,3.9651828999559275
m915,3.9643835616438357
m3654,3.9641434262948207
m1419,3.963235294117647
m2289,3.96319018404908
m3475,3.962686567164179
m2686,3.9622641509433962
m2398,3.960526315789474
m778,3.9600532623169107
m3182,3.9596774193548385
m3728,3.9594594594594597
m2970,3.9591836734693877
m41,3.958677685950413
m1411,3.9581151832460733
m1185,3.958057395143488
m36,3.9579741379310347
m2932,3.957627118644068
m3096,3.956989247311828
m1788,3.956043956043956
m1997,3.9559322033898305
m2565,3.954301075268817
m1265,3.953028972783143
m3201,3.9526462395543174
m932,3.9523809523809526
m3148,3.952180028129395
m2594,3.9516129032258065
m1188,3.951183431952663
m1784,3.9501404494382024
m3317,3.9495967741935485
m3135,3.948717948717949
m3379,3.9473684210526314
m223,3.946883852691218
m1161,3.9468085106382977
m32,3.945731303772336
m2202,3.943661971830986
m1954,3.9433126660761735
m1060,3.94147582697201
m3416,3.9411764705882355
m2871,3.9410150891632374
m3606,3.940828402366864
m978,3.94
m1220,3.9395973154362416
m1834,3.9391480730223125
m3456,3.9384615384615387
m1176,3.937984496124031
m1274,3.933628318584071
m2183,3.9329608938547485
m265,3.9326424870466323
m1035,3.931972789115646
m428,3.931558935361217
m2268,3.93119698397738
m1150,3.930379746835443
m2599,3.9303547963206307
m3551,3.93
m2071,3.9298245614035086
m3481,3.928623452294246
m555,3.9285714285714284
m1069,3.9272727272727272
m3364,3.9271523178807946
m3916,3.9244851258581237
m907,3.9238095238095236
m1103,3.9228855721393034
m3543,3.9225268176400476
m1344,3.9224376731301938
m1257,3.9216101694915255
m3019,3.920673076923077
m3451,3.92
m2303,3.92
m3360,3.91864406779661
m515,3.917777777777778
m176,3.9170731707317072
m3681,3.916923076923077
m290,3.9166666666666665
m3668,3.9157303370786516
m590,3.9152308752584424
m973,3.9146341463414633
m1625,3.9138321995464853
m931,3.912621359223301
m2664,3.912420382165605
m2969,3.912087912087912
m1340,3.912037037037037
m1302,3.9114583333333335
m2611,3.910958904109589
m1938,3.9098360655737703
m2924,3.9097744360902253
m3836,3.9093333333333335
m902,3.908284023668639
m1162,3.90625
m2716,3.9055479138010085
m2070,3.9053030303030303
m1282,3.904559915164369
m1923,3.9044493070751276
m3246,3.903157894736842
m2318,3.903125
m3545,3.9029345372460496
m2467,3.9012345679012346
m475,3.9006410256410255
m2542,3.8976
m628,3.8969072164948453
m2660,3.8962962962962964
m2176,3.8952879581151834
m2745,3.8951965065502185
m2919,3.895140664961637
m508,3.894830659536542
m1028,3.894164193867458
m921,3.8940397350993377
m3160,3.8939802336028753
m319,3.8937728937728937
m3067,3.8923512747875355
m34,3.8914905768132497
m1940,3.89010989010989
m2863,3.88996138996139
m2948,3.8897535667963683
m714,3.888888888888889
m2285,3.888888888888889
m2000,3.8869084204056548
m595,3.8858490566037736
m1095,3.8844133099824867
m1277,3.884297520661157
m2921,3.8832807570977916
m2068,3.8828125
m3079,3.882758620689655
m1333,3.882673942701228
m3424,3.880921895006402
m1374,3.880524861878453
m838,3.8802395209580838
m3061,3.88
m1968,3.8797920727745288
m3751,3.8796087283671934
m2359,3.879089615931721
m6,3.8787234042553194
m3859,3.8780487804878048
m1936,3.8780487804878048
m3521,3.877659574468085
m1962,3.8773006134969323
m82,3.8764044943820224
m1643,3.8754716981132074
m3405,3.875
m2352,3.8747016706443915
m2949,3.874613003095975
m553,3.8734177215189876
m3505,3.8732394366197185
m1641,3.872393661384487
m262,3.872093023255814
m101,3.869565217391304
m123,3.869565217391304
m2511,3.8658536585365852
m247,3.8658280922431865
m2729,3.8656716417910446
m3068,3.865435356200528
m3408,3.863878326996198
m1227,3.863070539419087
m892,3.861842105263158
m1682,3.861691542288557
m1073,3.8613861386138613
m364,3.8608385370205176
m334,3.8596491228070176
m2488,3.8588235294117648
m1948,3.8585858585858586
m2662,3.8584070796460175
m3787,3.857142857142857
m2693,3.857142857142857
m373,3.856589147286822
m3342,3.8565022421524664
m3104,3.8562091503267975
m3396,3.8561827956989245
m3044,3.855917667238422
m2797,3.8558014755197854
m2739,3.8555555555555556
m3746,3.8550724637681157
m3925,3.8548387096774195
m2580,3.854771784232365
m2355,3.854374633000587
m1649,3.8518518518518516
m3094,3.8514851485148514
m900,3.8513119533527695
m2139,3.850948509485095
m946,3.8509316770186337
m314,3.85
m3200,3.8488372093023258
m3178,3.848722986247544
m3271,3.847560975609756
m3552,3.8469493278179936
m1275,3.8461538461538463
m594,3.8453473132372213
m1365,3.8448275862068964
m3328,3.843949044585987
m2138,3.8426229508196723
m2795,3.841530054644809
m337,3.8412698412698414
m2395,3.8409836065573773
m1180,3.84
m3871,3.839344262295082
m1663,3.8391891891891894
m3210,3.8374717832957113
m3361,3.837442922374429
m3733,3.837370242214533
m1078,3.836021505376344
m2212,3.8359375
m3548,3.835766423357664
m534,3.835664335664336
m3872,3.8333333333333335
m125,3.8333333333333335
m3622,3.8333333333333335
m2130,3.8322368421052633
m3098,3.832116788321168
m3060,3.8315412186379927
m2238,3.831168831168831
m1678,3.829113924050633
m3039,3.828367103694875
m2312,3.8277945619335347
m2644,3.827731092436975
m80,3.826923076923077
m1261,3.826642335766423
m3675,3.8265682656826567
m1913,3.8263473053892216
m1734,3.825870646766169
m3499,3.82579185520362
m474,3.825102880658436
m2442,3.825
m1354,3.8239700374531833
m866,3.8234265734265733
m2971,3.823343848580442
m2137,3.8229376257545273
m1748,3.822654462242563
m2757,3.8222222222222224
m538,3.8222222222222224
m1050,3.8219178082191783
m549,3.821656050955414
m2502,3.8211009174311927
m3793,3.8206485771012573
m2204,3.8202247191011236
m3910,3.82
m2160,3.818820224719101
m3069,3.8181818181818183
m535,3.8172757475083055
m73,3.8169642857142856
m2078,3.816265060240964
m1285,3.8156911581569117
m302,3.813953488372093
m1500,3.813380281690141
m1408,3.8133333333333335
m2333,3.8131487889273354
m2872,3.81266846361186
m199,3.8119658119658117
m3366,3.811320754716981
m440,3.811181434599156
m2295,3.810810810810811
m1914,3.8091397849462365
m3788,3.8089430894308944
m1964,3.80794701986755
m2890,3.8070519098922624
m1357,3.8065693430656933
m215,3.80625
m1271,3.806070826306914
m345,3.8059701492537314
m3159,3.8057395143487858
m1941,3.8053097345132745
m2080,3.8043981481481484
m1215,3.804232804232804
m1184,3.802197802197802
m1635,3.8007889546351086
m3384,3.800724637681159
m562,3.799163179916318
m2310,3.798507462686567
m1912,3.797356828193833
m1957,3.7965299684542586
m1955,3.7964601769911503
m1466,3.7955493741307373
m944,3.7938144329896906
m11,3.7938044530493706
m918,3.7936507936507935
m1305,3.793388429752066
m16,3.7932551319648096
m3296,3.793103448275862
m3549,3.792307692307692
m3547,3.792207792207792
m3653,3.791946308724832
m1921,3.7911908646003263
m1680,3.790948275862069
m3310,3.7903225806451615
m1179,3.7887005649717516
m588,3.788304959289415
m3074,3.7882882882882885
m3072,3.7871690427698574
m2069,3.7857142857142856
m1929,3.7857142857142856
m2288,3.785425101214575
m929,3.78494623655914
m2302,3.7845303867403315
m2943,3.78125
m3952,3.7809278350515463
m3105,3.7808823529411764
m3655,3.78
m1125,3.779220779220779
m1085,3.7786259541984735
m1594,3.778501628664495
m1639,3.7784679089026914
m2946,3.7731958762886597
m3175,3.771412037037037
m3168,3.7711340206185566
m1673,3.769503546099291
m3526,3.7694204685573367
m3289,3.769230769230769
m2401,3.769230769230769
m531,3.769230769230769
m1584,3.768451519536903
m3357,3.766990291262136
m3516,3.7665198237885464
m728,3.7649769585253456
m2721,3.764705882352941
m3071,3.764525993883792
m480,3.7638473053892216
m2076,3.7629969418960245
m3028,3.762589928057554
m1683,3.761467889908257
m2654,3.7611940298507465
m539,3.760649087221095
m1873,3.7606177606177607
m2700,3.760441292356186
m3330,3.759259259259259
m1393,3.7590539541759056
m300,3.7588652482269502
m3510,3.7588306942752743
m249,3.7586206896551726
m3822,3.757142857142857
m2081,3.756521739130435
m3100,3.756019261637239
m194,3.755868544600939
m1022,3.755632582322357
m3678,3.7555555555555555
m3613,3.75531914893617
m3386,3.755291005291005
m897,3.7551020408163267
m321,3.7540983606557377
m948,3.753846153846154
m3406,3.7523809523809524
m1321,3.7522768670309654
m2391,3.751677852348993
m596,3.751004016064257
m1845,3.750830564784053
m3256,3.75
m190,3.75
m3747,3.75
m3932,3.75
m3536,3.7484662576687118
m2967,3.748031496062992
m2243,3.747782002534854
m1279,3.747422680412371
m2725,3.7473684210526317
m2952,3.747311827956989
m2922,3.7468879668049793
m3753,3.7451612903225806
m357,3.7437145174371453
m2109,3.743455497382199
m3034,3.7434402332361514
m483,3.7432432432432434
m1907,3.742857142857143
m2239,3.7422680412371134
m959,3.7413793103448274
m3713,3.7411764705882353
m1124,3.740740740740741
m2075,3.740740740740741
m1580,3.739952718676123
m1392,3.73972602739726
m2018,3.738539898132428
m1732,3.7383773928896993
m2669,3.7383177570093458
m2852,3.7378048780487805
m3494,3.7375
m3397,3.7374301675977653
m2347,3.736842105263158
m1171,3.7349397590361444
m3448,3.733826247689464
m1094,3.7314890154597236
m1937,3.7301587301587302
m3260,3.7291666666666665
m3723,3.7286245353159853
m1396,3.7277726856095326
m1730,3.727272727272727
m2150,3.726618705035971
m154,3.7261904761904763
m349,3.7261567516525025
m1694,3.7261146496815285
m272,3.7258485639686683
m3008,3.7254901960784315
m94,3.7252747252747254
m1684,3.7241379310344827
m161,3.723684210526316
m3936,3.7232142857142856
m733,3.723134328358209
m3447,3.7222222222222223
m3546,3.7219730941704037
m3487,3.7205882352941178
m3831,3.7204301075268815
m2117,3.7194244604316546
m492,3.719402985074627
m1693,3.717948717948718
m3724,3.717948717948718
m551,3.717871485943775
m2276,3.7142857142857144
m2125,3.7139423076923075
m3420,3.71356783919598
m3252,3.7135135135135133
m1982,3.7134387351778657
m322,3.712918660287081
m3052,3.7128412537917086
m2529,3.712564543889845
m3920,3.712121212121212
m3181,3.7116564417177913
m1653,3.711234911792015
m2144,3.710709318497914
m1517,3.7103734439834026
m2096,3.710371819960861
m2706,3.7098632109431247
m3076,3.7096774193548385
m3727,3.7094594594594597
m1356,3.7091603053435116
m1297,3.7081447963800906
m2108,3.7066666666666666
m2993,3.7054455445544554
m941,3.704761904761905
m1012,3.7043189368770766
m3163,3.7039473684210527
m3188,3.7037037037037037
m2210,3.7037037037037037
m1019,3.7026086956521738
m2118,3.7024793388429753
m1484,3.7016129032258065
m3129,3.701388888888889
m1082,3.7012987012987013
m3066,3.7010309278350517
m2690,3.7
m3111,3.699530516431925
m348,3.698901098901099
m2750,3.6982456140350877
m1032,3.697142857142857
m3852,3.6971153846153846
m3093,3.6971153846153846
m2321,3.6968911917098444
m235,3.696871628910464
m62,3.6968576709796674
m2857,3.6967418546365916
m3604,3.69672131147541
m893,3.6956521739130435
m3244,3.6956521739130435
m1951,3.6948356807511735
m2968,3.6940594059405942
m441,3.6936236391912907
m1885,3.692434210526316
m2696,3.691358024691358
m431,3.6910569105691056
m2390,3.690909090909091
m3682,3.6904761904761907
m1729,3.6892265193370166
m2406,3.6892193308550185
m2171,3.688775510204082
m2866,3.6884422110552766
m1029,3.688380281690141
m2114,3.6875
m3267,3.6873706004140785
m2353,3.687246963562753
m1101,3.6861386138613863
m1994,3.6842767295597483
m803,3.6842105263157894
m1127,3.6839650145772596
m3150,3.683333333333333
m3576,3.683098591549296
m1965,3.6830892143808254
m2916,3.682364729458918
m3358,3.681614349775785
m3868,3.680635838150289
m3512,3.6806167400881056
m3418,3.6803105151729003
m671,3.6798245614035086
m2987,3.6798221234018897
m3255,3.6797088262056414
m2912,3.679324894514768
m982,3.6790123456790123
m3203,3.6780684104627768
m342,3.6776061776061777
m2115,3.676131322094055
m917,3.675324675324675
m509,3.674342105263158
m3703,3.6740812379110253
m3479,3.6734317343173433
m968,3.6713286713286712
m2029,3.6710526315789473
m1343,3.671033478893741
m206,3.6707317073170733
m3101,3.669576059850374
m3873,3.6678571428571427
m3230,3.6666666666666665
m3241,3.6666666666666665
m3950,3.6666666666666665
m2073,3.6666666666666665
m3720,3.6666666666666665
m3461,3.6657223796033995
m2687,3.665158371040724
m3538,3.664772727272727
m299,3.664335664335664
m3702,3.6641651031894935
m2178,3.663157894736842
m2671,3.6628205128205127
m449,3.6619718309859155
m3204,3.661764705882353
m1633,3.661654135338346
m2087,3.65993265993266
m1187,3.6598639455782314
m523,3.658119658119658
m934,3.6578947368421053
m1376,3.6563055062166963
m2366,3.6560846560846563
m3266,3.655844155844156
m1216,3.6551724137931036
m69,3.6551724137931036
m3624,3.6548672566371683
m1516,3.6538461538461537
m3527,3.653816499614495
m1959,3.6533546325878596
m3658,3.652173913043478
m2621,3.652173913043478
m2140,3.652112676056338
m3078,3.6516129032258067
m25,3.6510204081632653
m3368,3.6507936507936507
m1397,3.6507936507936507
m1758,3.65
m261,3.6491228070175437
m30,3.6486486486486487
m281,3.648068669527897
m2437,3.6470588235294117
m1966,3.6464646464646466
m1034,3.6449704142011834
m901,3.6436781609195403
m3102,3.6434426229508197
m3189,3.6433333333333335
m2763,3.6418732782369148
m597,3.641491395793499
m1298,3.640826873385013
m1527,3.6405228758169934
m52,3.640371229698376
m2915,3.6396713615023475
m388,3.6391752577319587
m2988,3.638888888888889
m1967,3.637184115523466
m3948,3.6357308584686776
m1232,3.6346153846153846
m72,3.6344086021505375
m380,3.6342857142857143
m613,3.6341463414634148
m935,3.6338028169014085
m2434,3.6333333333333333
m117,3.632911392405063
m3167,3.6325301204819276
m3556,3.6310975609756095
m3599,3.6310679611650487
m471,3.631051752921536
m3639,3.629067245119306
m3108,3.6264550264550266
m2841,3.6262833675564683
m3480,3.6258064516129034
m21,3.6238938053097347
m1350,3.6234718826405867
m635,3.6233766233766236
m39,3.6233480176211454
m1615,3.6211453744493394
m2425,3.6206896551724137
m938,3.620320855614973
m2779,3.6202898550724636
m3275,3.619565217391304
m2596,3.618705035971223
m1081,3.6175115207373274
m3153,3.616279069767442
m524,3.615546218487395
m715,3.6153846153846154
m2941,3.6142857142857143
m1186,3.613879003558719
m233,3.6127659574468085
m205,3.611764705882353
m2439,3.611111111111111
m1202,3.611111111111111
m1025,3.6109215017064846
m2349,3.6107784431137726
m3011,3.610738255033557
m1183,3.609706774519717
m425,3.6095238095238096
m2236,3.608910891089109
m2231,3.608695652173913
m2583,3.608510638297872
m2058,3.6082603254067585
m1958,3.607547169811321
m493,3.6073825503355703
m2083,3.6068702290076335
m501,3.606382978723404
m3635,3.6057494866529773
m2161,3.6051502145922747
m1345,3.6049382716049383
m986,3.603448275862069
m627,3.603305785123967
m1306,3.6029411764705883
m952,3.6022304832713754
m2495,3.6020408163265305
m2099,3.6018099547511313
m592,3.6009783368273935
m3253,3.600892857142857
m448,3.6008771929824563
m2764,3.6
m2065,3.5991649269311066
m2184,3.598639455782313
m2570,3.5980392156862746
m2085,3.5964601769911506
m1414,3.5952380952380953
m2443,3.5952380952380953
m2371,3.5943238731218696
m3844,3.593137254901961
m2291,3.5926680244399187
m3685,3.5926605504587155
m2991,3.5924170616113744
m1290,3.591304347826087
m3823,3.590909090909091
m2870,3.5906735751295336
m2301,3.5902964959568733
m2436,3.5901639344262297
m805,3.5901162790697674
m3417,3.589041095890411
m151,3.588447653429603
m2423,3.588349514563107
m1608,3.5882899628252787
m1017,3.5869565217391304
m1286,3.585964912280702
m3700,3.5853658536585367
m1721,3.5834411384217333
m1120,3.5833333333333335
m2182,3.5816326530612246
m3927,3.5804597701149423
m3086,3.580246913580247
m3476,3.578710644677661
m1380,3.5777233782129745
m1407,3.5756207674943568
m963,3.574074074074074
m2403,3.5717884130982367
m2394,3.5716753022452505
m3726,3.5714285714285716
m3304,3.5714285714285716
m976,3.5714285714285716
m280,3.5707547169811322
m3763,3.570613409415121
m1672,3.5700934579439254
m766,3.57
m171,3.5698924731182795
m1660,3.569832402234637
m2174,3.5678929765886287
m2181,3.5677966101694913
m1295,3.5676691729323307
m164,3.5672823218997363
m522,3.566265060240964
m2273,3.5661881977671452
m2820,3.5660377358490565
m1013,3.565891472868217
m377,3.5654545454545454
m2173,3.5636363636363635
m1337,3.5625
m2006,3.5615462868769074
m165,3.561212121212121
m156,3.5606060606060606
m3213,3.560344827586207
m412,3.559322033898305
m1057,3.5583941605839415
m1810,3.558073654390935
m3812,3.557894736842105
m1865,3.5555555555555554
m3792,3.5555555555555554
m3372,3.5535714285714284
m647,3.5532879818594103
m2348,3.5526315789473686
m1061,3.550802139037433
m2730,3.5502958579881656
m141,3.5498533724340176
m2883,3.5487364620938626
m3466,3.547945205479452
m180,3.5476718403547673
m454,3.5473300970873787
m222,3.547112462006079
m2899,3.547008547008547
m610,3.546925566343042
m3501,3.546468401486989
m2001,3.5450049455984174
m14,3.542483660130719
m390,3.542372881355932
m1542,3.542016806722689
m1092,3.5419440745672435
m1370,3.541850220264317
m147,3.541436464088398
m10,3.5405405405405403
m3032,3.5401785714285716
m1056,3.54
m3555,3.539647577092511
m2499,3.5384615384615383
m2407,3.5377733598409544
m2633,3.537037037037037
m2037,3.537037037037037
m2640,3.536824877250409
m514,3.531791907514451
m2022,3.531496062992126
m1083,3.5304878048780486
m3118,3.5303030303030303
m26,3.53
m3327,3.529850746268657
m482,3.528409090909091
m2278,3.5272952853598016
m269,3.5272727272727273
m104,3.526392961876833
m346,3.525
m253,3.524390243902439
m368,3.5236907730673317
m991,3.523529411764706
m507,3.522727272727273
m2874,3.5223880597014925
m2166,3.5208333333333335
m2282,3.518987341772152
m2009,3.518957345971564
m3081,3.516885553470919
m2801,3.5164835164835164
m3211,3.515151515151515
m3125,3.515
m2774,3.514705882352941
m2370,3.5140845070422535
m1870,3.513888888888889
m3169,3.513833992094862
m861,3.5128205128205128
m3915,3.5118110236220472
m3502,3.5113636363636362
m780,3.5104046242774567
m2240,3.508403361344538
m1190,3.507575757575758
m1401,3.506172839506173
m2490,3.5058214747736094
m1916,3.505649717514124
m2707,3.504731861198738
m2782,3.5046728971962615
m3398,3.504398826979472
m1897,3.5037593984962405
m3176,3.503380916604057
m1688,3.5032894736842106
m1699,3.503225806451613
m2550,3.5027322404371586
m3893,3.5026833631484795
m333,3.502439024390244
m2989,3.501176470588235
m1485,3.5
m3903,3.5
m1670,3.5
m242,3.5
m229,3.5
m2939,3.5
m339,3.49925705794948
m2005,3.4972067039106145
m802,3.496487119437939
m587,3.49644128113879
m2193,3.4962593516209477
m2048,3.49618320610687
m851,3.4960629921259843
m3046,3.4941176470588236
m2077,3.4935064935064934
m1909,3.4929718875502007
m1465,3.492063492063492
m2891,3.4918918918918918
m506,3.491228070175439
m2753,3.491228070175439
m3734,3.491228070175439
m316,3.490143369175627
m1777,3.4895489548954894
m1747,3.4895259095920617
m2112,3.4884393063583814
m2097,3.488262910798122
m1476,3.4869739478957915
m1904,3.4867256637168142
m1268,3.4858044164037856
m1347,3.4855875831485585
m417,3.485576923076923
m1535,3.4854368932038833
m3174,3.48512585812357
m1047,3.4838709677419355
m2294,3.483720930232558
m3261,3.4825174825174825
m3760,3.481967213114754
m1042,3.481060606060606
m1031,3.479623824451411
m2159,3.4794520547945207
m832,3.478723404255319
m3087,3.4786821705426356
m785,3.4784313725490197
m1554,3.4782608695652173
m3186,3.4779582366589326
m175,3.477272727272727
m2167,3.477132262051916
m837,3.477064220183486
m3627,3.4766355140186915
m1194,3.4764150943396226
m3018,3.475806451612903
m2929,3.474418604651163
m1648,3.4742268041237114
m2090,3.4738955823293174
m2518,3.4727891156462585
m3947,3.4727272727272727
m650,3.4719101123595504
m3529,3.470967741935484
m3770,3.470414201183432
m2528,3.4696485623003195
m2232,3.467811158798283
m3676,3.4673366834170856
m477,3.466666666666667
m2046,3.466417910447761
m1129,3.4649321266968327
m661,3.4647619047619047
m2879,3.4634146341463414
m3633,3.461756373937677
m3699,3.461271676300578
m2463,3.4610526315789474
m2474,3.4606413994169096
m99,3.46
m3298,3.4593220338983053
m2880,3.4583333333333335
m3598,3.458100558659218
m163,3.4574074074074073
m2738,3.4556962025316458
m2272,3.455357142857143
m2013,3.454983922829582
m3738,3.4545454545454546
m2045,3.4545454545454546
m3503,3.4545454545454546
m3554,3.453781512605042
m230,3.4527220630372493
m2015,3.4526315789473685
m3020,3.4522900763358777
m3404,3.452054794520548
m2985,3.451586655817738
m3128,3.450980392156863
m68,3.45
m1033,3.4494773519163764
m43,3.4457831325301207
m574,3.4457142857142857
m1805,3.4456869009584663
m353,3.4455040871934606
m1441,3.444906444906445
m112,3.443859649122807
m1722,3.4419953596287702
m3928,3.441747572815534
m3107,3.440736478711162
m2455,3.4407096171802056
m2287,3.4392857142857145
m848,3.4358974358974357
m1645,3.4358353510895885
m3643,3.4356435643564356
m2736,3.4355555555555557
m2889,3.4355400696864113
m1883,3.4352409638554215
m2867,3.434640522875817
m708,3.434462444771723
m648,3.432874918140144
m2280,3.432
m896,3.4313725490196076
m3550,3.43125
m2100,3.4307824591573515
m1794,3.4304635761589406
m3370,3.4302325581395348
m2996,3.4285714285714284
m2141,3.4282178217821784
m1619,3.4281767955801103
m1569,3.428048780487805
m3524,3.4269662921348316
m2470,3.4265350877192984
m266,3.425531914893617
m45,3.4246323529411766
m2134,3.4235294117647057
m1922,3.423076923076923
m2344,3.4228855721393034
m2572,3.422857142857143
m2665,3.4225352112676055
m361,3.421641791044776
m2527,3.4213836477987423
m1587,3.4213286713286712
m1518,3.42090395480226
m500,3.420047732696897
m1051,3.4183673469387754
m1378,3.4181494661921707
m2420,3.417849898580122
m2311,3.4170212765957446
m663,3.4166666666666665
m3628,3.4158415841584158
m1701,3.415492957746479
m3450,3.415327564894932
m3729,3.4144144144144146
m3155,3.4144144144144146
m2245,3.414396887159533
m3740,3.414383561643836
m155,3.413793103448276
m3179,3.4133333333333336
m1799,3.4131455399061035
m3185,3.4120603015075375
m7,3.410480349344978
m2628,3.409777777777778
m1372,3.4095904095904097
m3795,3.409090909090909
m3591,3.4076433121019107
m1255,3.4074074074074074
m1093,3.4073529411764705
m1597,3.405672009864365
m3608,3.40534262485482
m1014,3.4044117647058822
m57,3.404040404040404
m3706,3.404017857142857
m1875,3.402439024390244
m85,3.402061855670103
m3250,3.401639344262295
m1573,3.4011259676284307
m1059,3.4008350730688934
m3422,3.4
m2427,3.398505603985056
m3809,3.397796817625459
m3771,3.3973509933774833
m2539,3.3944805194805197
m86,3.3940677966101696
m144,3.392609699769053
m350,3.392233009708738
m964,3.392156862745098
m224,3.3911917098445596
m2414,3.390501319261214
m3055,3.3902439024390243
m1785,3.388888888888889
m2683,3.388423988842399
m3070,3.3878887070376433
m1754,3.38659793814433
m2102,3.3857868020304567
m3142,3.3846153846153846
m3769,3.3842105263157896
m543,3.3841642228739004
m3827,3.3828451882845187
m2457,3.382239382239382
m3745,3.3813084112149534
m1840,3.38125
m1205,3.380952380952381
m481,3.380952380952381
m2424,3.380668257756563
m3251,3.380434782608696
m1413,3.38
m3082,3.379350348027842
m3301,3.3787375415282392
m781,3.378640776699029
m3571,3.377952755905512
m988,3.3768115942028984
m329,3.3767676767676766
m3005,3.3765625
m2165,3.376146788990826
m3015,3.375
m3684,3.374301675977654
m3790,3.372549019607843
m3566,3.3717105263157894
m1892,3.371571072319202
m3112,3.3714285714285714
m3412,3.3714285714285714
m3618,3.3712737127371275
m268,3.3703703703703702
m3259,3.369727047146402
m521,3.3675213675213675
m2846,3.3674698795180724
m2145,3.3665223665223665
m2275,3.3661971830985915
m1824,3.3653846153846154
m3506,3.3652694610778444
m362,3.3640167364016738
m2496,3.363888888888889
m2661,3.3617021276595747
m421,3.3617021276595747
m3926,3.361111111111111
m2885,3.360655737704918
m1589,3.3597560975609757
m2433,3.3594771241830066
m680,3.359375
m3145,3.359073359073359
m2734,3.3583690987124464
m2454,3.3583333333333334
m1459,3.357894736842105
m1241,3.357142857142857
m735,3.3564356435643563
m2553,3.356164383561644
m2021,3.356147021546261
m2105,3.3556701030927836
m1375,3.353829557713053
m616,3.352517985611511
m1464,3.3517241379310345
m1611,3.3516949152542375
m3217,3.3516483516483517
m3755,3.351431391905232
m2759,3.3511627906976744
m2926,3.350561797752809
m2622,3.3493975903614457
m22,3.3492063492063493
m799,3.3491124260355027
m1173,3.3484848484848486
m2393,3.34820322180917
m3513,3.3476190476190477
m3199,3.3472222222222223
m3519,3.3467336683417086
m2476,3.3466666666666667
m494,3.3461538461538463
m1015,3.3461538461538463
m1884,3.3456375838926173
m2023,3.3449612403100777
m2025,3.3438914027149322
m1339,3.34375
m2011,3.3436960276338517
m2506,3.3435582822085887
m2645,3.343137254901961
m351,3.342412451361868
m289,3.3417721518987342
m3430,3.340909090909091
m2057,3.340659340659341
m1650,3.34
m2104,3.339622641509434
m3302,3.339622641509434
m3375,3.3384615384615386
m3427,3.3378378378378377
m2928,3.3376623376623376
m18,3.337579617834395
m1620,3.3367088607594937
m3798,3.3347732181425487
m1482,3.3333333333333335
m2116,3.3333333333333335
m2746,3.3322649572649574
m3478,3.330827067669173
m3214,3.329896907216495
m1008,3.329896907216495
m2261,3.329192546583851
m3914,3.3285714285714287
m1049,3.328159645232816
m2180,3.3275862068965516
m1612,3.327272727272727
m1395,3.3254237288135595
m490,3.324324324324324
m700,3.3241379310344827
m2649,3.3230769230769233
m2617,3.3217477656405165
m408,3.3194444444444446
m2363,3.318936877076412
m3896,3.3184357541899443
m2024,3.3175675675675675
m491,3.3160377358490565
m2155,3.3146067415730336
m35,3.3142857142857145
m465,3.3142857142857145
m605,3.314159292035398
m2747,3.311797752808989
m1088,3.3114992721979624
m3718,3.3114754098360657
m1836,3.311111111111111
m3040,3.311111111111111
m1654,3.310344827586207
m369,3.310344827586207
m1054,3.308641975308642
m2346,3.3066666666666666
m1429,3.3063973063973062
m3194,3.3045454545454547
m236,3.303680981595092
m3197,3.302788844621514
m3594,3.302197802197802
m3117,3.3013698630136985
m3300,3.300738007380074
m2475,3.3
m2106,3.2972972972972974
m198,3.2958677685950413
m145,3.2955801104972378
m2836,3.294478527607362
m1425,3.2916666666666665
m2657,3.291159772911598
m3425,3.2911392405063293
m2551,3.291005291005291
m2384,3.2906309751434035
m1835,3.289617486338798
m2271,3.289473684210526
m3813,3.289156626506024
m3270,3.285
m159,3.2844827586206895
m3033,3.2836484983314795
m2059,3.283582089552239
m999,3.2832167832167833
m1621,3.2823529411764705
m3794,3.28099173553719
m2290,3.28099173553719
m450,3.280701754385965
m1614,3.2803738317757007
m1566,3.279317697228145
m1480,3.279245283018868
m461,3.2790697674418605
m367,3.279050042408821
m1943,3.278688524590164
m2469,3.2766798418972334
m458,3.2758620689655173
m3441,3.2757894736842106
m2133,3.2754158964879854
m2803,3.2745664739884393
m340,3.2738095238095237
m3029,3.2736842105263158
m3807,3.2735849056603774
m3882,3.2735042735042734
m3409,3.272331154684096
m2043,3.2721518987341773
m468,3.2714285714285714
m2143,3.2704225352112677
m764,3.27027027027027
m252,3.2697547683923704
m1385,3.2689804772234274
m292,3.2687585266030013
m1010,3.268595041322314
m2003,3.268041237113402
m2376,3.267692307692308
m1858,3.2674418604651163
m3617,3.2673031026252985
m3565,3.267148014440433
m383,3.2666666666666666
m1552,3.2662473794549265
m2110,3.2643051771117166
m13,3.2626262626262625
m2770,3.2620320855614975
m3863,3.2613981762917934
m3619,3.260869565217391
m381,3.2606635071090047
m3414,3.26
m78,3.26
m1130,3.25974025974026
m3806,3.2586206896551726
m2860,3.2578125
m2875,3.2577319587628866
m2600,3.2560975609756095
m3930,3.2556053811659194
m1416,3.25531914893617
m3219,3.2550335570469797
m2002,3.254364089775561
m3686,3.2542372881355934
m1711,3.2531847133757963
m2340,3.252906976744186
m2714,3.2528735632183907
m1018,3.252032520325203
m1428,3.25
m3786,3.25
m2453,3.25
m2413,3.2483069977426635
m3206,3.2481203007518795
m2634,3.247311827956989
m1024,3.246031746031746
m376,3.2457142857142856
m3744,3.2422802850356294
m2012,3.2421602787456445
m580,3.2419354838709675
m2361,3.240506329113924
m552,3.2400756143667295
m1020,3.239795918367347
m1895,3.238562091503268
m187,3.238095238095238
m3099,3.238095238095238
m3784,3.2363636363636363
m105,3.2325581395348837
m3127,3.232142857142857
m3865,3.2312925170068025
m3712,3.23013698630137
m3036,3.2298850574712645
m2519,3.2291666666666665
m1727,3.2285714285714286
m257,3.2280701754385963
m2111,3.2275641025641026
m653,3.2254901960784315
m3444,3.225225225225225
m3701,3.2242063492063493
m453,3.2238805970149254
m2331,3.223463687150838
m282,3.2232558139534886
m783,3.223076923076923
m2459,3.222672064777328
m2541,3.221824686940966
m852,3.221138211382114
m188,3.221052631578947
m2769,3.220779220779221
m3496,3.2203389830508473
m3614,3.2195571955719555
m3535,3.219047619047619
m3109,3.21875
m2749,3.218390804597701
m1016,3.217948717948718
m3615,3.217391304347826
m2177,3.216867469879518
m60,3.212885154061625
m2784,3.2063492063492065
m2337,3.2063492063492065
m3272,3.2046783625730995
m467,3.2037037037037037
m3269,3.20335429769392
m2901,3.203030303030303
m2419,3.2028985507246377
m2639,3.2024539877300615
m1753,3.202020202020202
m2567,3.2019867549668874
m1399,3.201923076923077
m2135,3.2016806722689077
m1735,3.2015209125475286
m2,3.20114122681883
m2712,3.201058201058201
m2881,3.2010178117048347
m2990,3.2
m2062,3.2
m3698,3.1986301369863015
m1390,3.1983471074380163
m3308,3.197278911564626
m1479,3.197158081705151
m3138,3.196969696969697
m2089,3.196652719665272
m3623,3.1957349581111956
m3426,3.1953488372093024
m1821,3.1943127962085307
m3445,3.194244604316547
m1661,3.1931818181818183
m2249,3.192468619246862
m231,3.1924242424242424
m2647,3.1923076923076925
m1917,3.191891891891892
m317,3.1918876755070205
m3638,3.191717791411043
m1398,3.1904761904761907
m2672,3.1892583120204603
m1135,3.189189189189189
m3263,3.188905547226387
m3515,3.1875
m1009,3.185567010309278
m1366,3.185185185185185
m1346,3.1839080459770117
m216,3.183098591549296
m2780,3.182926829268293
m277,3.1823529411764704
m2844,3.180722891566265
m1331,3.18
m24,3.1794871794871793
m371,3.1792452830188678
m354,3.1791044776119404
m695,3.1777777777777776
m2014,3.1777777777777776
m2409,3.1775280898876406
m2709,3.1767241379310347
m2554,3.176470588235294
m517,3.175392670157068
m2781,3.1746031746031744
m736,3.1738738738738737
m225,3.173228346456693
m1919,3.1724137931034484
m1658,3.1724137931034484
m2151,3.171875
m1792,3.171875
m358,3.1702127659574466
m3649,3.169491525423729
m2124,3.169467787114846
m365,3.1690140845070425
m2605,3.168597168597169
m2581,3.168269230769231
m3247,3.1681681681681684
m1582,3.1666666666666665
m806,3.1666666666666665
m1876,3.166480446927374
m3704,3.1662049861495847
m140,3.1654676258992804
m2033,3.165
m2641,3.1643026004728134
m3115,3.1636363636363636
m536,3.1636363636363636
m2405,3.163447251114413
m1027,3.1627906976744184
m81,3.1626506024096384
m3514,3.161290322580645
m3858,3.1594202898550723
m3016,3.1588366890380315
m2826,3.1586666666666665
m1454,3.158536585365854
m70,3.1564551422319473
m2262,3.1564417177914113
m1686,3.1559633027522938
m3528,3.155763239875389
m1689,3.1547619047619047
m372,3.1542056074766354
m2861,3.152542372881356
m748,3.1510791366906474
m451,3.150943396226415
m3157,3.15
m2416,3.1497175141242937
m344,3.1488250652741514
m2136,3.1486486486486487
m107,3.1484375
m1475,3.1481481481481484
m170,3.146417445482866
m2651,3.1463414634146343
m2520,3.1452513966480447
m2250,3.1451612903225805
m3846,3.1449275362318843
m1404,3.1447368421052633
m2098,3.1447368421052633
m288,3.144285714285714
m271,3.142857142857143
m3452,3.1419939577039275
m2688,3.141823444283647
m1918,3.14050822122571
m3525,3.138888888888889
m1769,3.1379310344827585
m1498,3.1374045801526718
m2431,3.1371308016877637
m2432,3.136986301369863
m1371,3.1363636363636362
m3714,3.1363636363636362
m1334,3.136094674556213
m2676,3.1353383458646618
m3249,3.135294117647059
m2694,3.1352718078381794
m586,3.1348148148148147
m2956,3.1347517730496453
m2314,3.1346153846153846
m352,3.134453781512605
m2325,3.134453781512605
m1676,3.1332760103181427
m3810,3.1325301204819276
m207,3.132420091324201
m565,3.1311475409836067
m2718,3.1305483028720626
m2084,3.129032258064516
m218,3.128205128205128
m3399,3.1264367816091956
m3173,3.1262939958592133
m835,3.1262135922330097
m2334,3.1243523316062176
m786,3.123913043478261
m422,3.1228070175438596
m2724,3.12
m513,3.1194029850746268
m2478,3.117750439367311
m31,3.1134751773049647
m2430,3.111111111111111
m2560,3.111111111111111
m328,3.111111111111111
m3917,3.111111111111111
m2146,3.1107954545454546
m1733,3.1097560975609757
m1457,3.1090225563909772
m2094,3.108695652173913
m423,3.1085972850678734
m46,3.108433734939759
m3274,3.1073059360730593
m2297,3.1070422535211266
m2320,3.106951871657754
m2582,3.106060606060606
m511,3.1052631578947367
m2035,3.1052631578947367
m3861,3.103734439834025
m2263,3.1028571428571428
m1541,3.1
m2942,3.0994475138121547
m691,3.0991735537190084
m801,3.0991735537190084
m1442,3.0985915492957745
m3605,3.0980392156862746
m2613,3.096085409252669
m1616,3.0936708860759494
m3045,3.093220338983051
m2247,3.0931506849315067
m3264,3.091796875
m1866,3.0899470899470898
m1006,3.08974358974359
m2802,3.088235294117647
m3869,3.0881670533642693
m707,3.0872727272727274
m724,3.0865384615384617
m1353,3.0851063829787235
m434,3.0845481049562684
m3707,3.0843881856540083
m1588,3.083044982698962
m426,3.0817843866171004
m2435,3.080808080808081
m1030,3.0773993808049536
m537,3.077294685990338
m1687,3.077151335311573
m1627,3.076
m2168,3.0759493670886076
m2625,3.0757575757575757
m2663,3.0754716981132075
m89,3.074235807860262
m118,3.073529411764706
m2418,3.0727272727272728
m2976,3.0718132854578095
m3725,3.0714285714285716
m2702,3.070886075949367
m1487,3.067901234567901
m3791,3.066666666666667
m3534,3.0653465346534654
m100,3.0625
m2517,3.062271062271062
m1191,3.062200956937799
m2447,3.0601503759398496
m3103,3.0588235294117645
m1856,3.0555555555555554
m203,3.0541871921182264
m1642,3.054054054054054
m1409,3.0535714285714284
m3943,3.0520833333333335
m3497,3.0520833333333335
m1586,3.0520646319569122
m2485,3.051219512195122
m2822,3.049429657794677
m532,3.0488431876606685
m3141,3.0483870967741935
m1367,3.0467032967032965
m1513,3.0463576158940397
m1848,3.0451977401129944
m3477,3.044280442804428
m1801,3.0434782608695654
m1713,3.0432900432900434
m709,3.0416666666666665
m2533,3.041036717062635
m1974,3.0410094637223977
m1405,3.04
m2561,3.0381679389312977
m270,3.037974683544304
m1320,3.037837837837838
m1544,3.036653386454183
m2975,3.036036036036036
m1804,3.033613445378151
m2772,3.032520325203252
m2540,3.032051282051282
m2710,3.0315278900565885
m1422,3.0249110320284696
m2524,3.018796992481203
m1629,3.018348623853211
m3489,3.018005540166205
m3053,3.0175953079178885
m2598,3.016885553470919
m550,3.0168539325842696
m3,3.01673640167364
m2741,3.0163934426229506
m2252,3.0161290322580645
m674,3.0155440414507773
m3120,3.0153846153846153
m8,3.014705882352941
m2877,3.014218009478673
m3483,3.011904761904762
m3785,3.0114192495921697
m998,3.010752688172043
m2615,3.0105820105820107
m2723,3.0105509964830013
m2195,3.0074074074074075
m5,3.0067567567567566
m1833,3.003787878787879
m2699,3.0029261155815656
m1113,3.0
m603,3.0
m152,3.0
m61,3.0
m3752,3.0
m3235,3.0
m3620,3.0
m1330,3.0
m2378,2.997578692493947
m788,2.9957805907172994
m1888,2.994832041343669
m2060,2.9945355191256833
m2789,2.993939393939394
m3457,2.99290780141844
m442,2.9921875
m2017,2.9876543209876543
m3732,2.9859154929577465
m662,2.984375
m2316,2.983050847457627
m2507,2.9814814814814814
m3708,2.9812734082397006
m113,2.981132075471698
m158,2.9806949806949805
m2792,2.9802867383512543
m804,2.9785407725321886
m2472,2.978494623655914
m1007,2.978448275862069
m1377,2.9767216294859358
m48,2.9764397905759163
m303,2.9760765550239237
m1717,2.975824175824176
m74,2.975
m3717,2.9743150684931505
m2095,2.9734513274336285
m1363,2.9732142857142856
m237,2.972762645914397
m3262,2.9693251533742333
m3672,2.967948717948718
m2372,2.966386554621849
m577,2.963636363636364
m1791,2.9622641509433962
m2752,2.962162162162162
m1355,2.961038961038961
m2587,2.9607843137254903
m2513,2.960655737704918
m1816,2.9603960396039604
m1690,2.958921694480103
m469,2.9565217391304346
m2829,2.9554140127388533
m504,2.955056179775281
m2369,2.954761904761905
m830,2.952542372881356
m3051,2.950310559006211
m168,2.9502762430939224
m2796,2.95
m3428,2.9491525423728815
m1841,2.9473684210526314
m2417,2.945945945945946
m2267,2.945945945945946
m2377,2.9453551912568305
m2040,2.9453125
m2530,2.9452054794520546
m88,2.9427083333333335
m886,2.9423076923076925
m2120,2.9421487603305785
m1003,2.9421487603305785
m2546,2.940828402366864
m3937,2.9407407407407407
m3491,2.9393939393939394
m1327,2.9380281690140846
m1703,2.935483870967742
m27,2.9344262295081966
m382,2.9338235294117645
m2054,2.9330143540669855
m2322,2.9310344827586206
m520,2.93048128342246
m2374,2.930327868852459
m569,2.93
m1911,2.9297912713472485
m1783,2.9272727272727272
m2335,2.926190476190476
m1603,2.925287356321839
m1128,2.9235294117647057
m2794,2.9220779220779223
m2652,2.9215686274509802
m204,2.9211822660098523
m3423,2.918918918918919
m2283,2.918032786885246
m3544,2.917525773195876
m248,2.9130434782608696
m407,2.911917098445596
m1332,2.911764705882353
m2072,2.910891089108911
m1894,2.910828025477707
m1379,2.907859078590786
m828,2.9074074074074074
m410,2.9071274298056156
m585,2.9066985645933014
m996,2.90625
m2717,2.9061946902654867
m3156,2.906005221932115
m1342,2.904580152671756
m2038,2.904040404040404
m2787,2.9012345679012346
m1391,2.9003724394785846
m2840,2.899761336515513
m370,2.8980582524271843
m2735,2.89760348583878
m273,2.8975409836065573
m3557,2.896551724137931
m2356,2.8958333333333335
m1064,2.8947368421052633
m1167,2.893617021276596
m1806,2.892857142857143
m378,2.892857142857143
m2375,2.8923444976076556
m3013,2.8923076923076922
m379,2.889908256880734
m313,2.888888888888889
m2771,2.888888888888889
m3837,2.8876404494382024
m2082,2.886426592797784
m2148,2.8855421686746987
m3254,2.884526558891455
m2504,2.883977900552486
m338,2.8823529411764706
m547,2.879032258064516
m1647,2.8777777777777778
m95,2.876175548589342
m3355,2.8758389261744965
m2410,2.8753117206982544
m239,2.875
m2722,2.8729096989966556
m2266,2.871794871794872
m512,2.8715083798882683
m516,2.870967741935484
m3518,2.8703703703703702
m185,2.869947275922671
m2123,2.869767441860465
m1600,2.869047619047619
m2052,2.8688524590163933
m42,2.8687782805429864
m2805,2.8683035714285716
m3697,2.8678071539657854
m1410,2.8666666666666667
m1593,2.8641975308641974
m2505,2.863970588235294
m719,2.8619246861924688
m3660,2.859872611464968
m3257,2.8594249201277955
m3590,2.8588235294117648
m1488,2.857638888888889
m23,2.857142857142857
m2492,2.856115107913669
m63,2.855855855855856
m3326,2.8555555555555556
m76,2.853932584269663
m2093,2.851449275362319
m1352,2.851063829787234
m2327,2.85
m2328,2.8497109826589595
m2091,2.849462365591398
m2362,2.849056603773585
m1341,2.849056603773585
m2535,2.8487394957983194
m3509,2.847826086956522
m1581,2.847457627118644
m2190,2.8461538461538463
m2978,2.8446601941747574
m2532,2.8435754189944134
m259,2.843137254901961
m1043,2.8425925925925926
m195,2.841463414634146
m3395,2.8363636363636364
m2497,2.835294117647059
m2531,2.8333333333333335
m459,2.832167832167832
m2142,2.8308457711442787
m2429,2.827777777777778
m879,2.827004219409283
m3600,2.8264462809917354
m2402,2.825436408977556
m3834,2.8238636363636362
m196,2.8236363636363637
m575,2.822429906542056
m366,2.8207171314741037
m3773,2.818713450292398
m1646,2.8181818181818183
m2961,2.817857142857143
m1438,2.8161993769470404
m2751,2.814814814814815
m486,2.8125
m135,2.81203007518797
m1920,2.8104395604395602
m1100,2.807142857142857
m3340,2.8028169014084505
m3918,2.802395209580838
m2445,2.7972972972972974
m479,2.7969924812030076
m2882,2.7966101694915255
m466,2.7958115183246073
m1091,2.7935656836461127
m725,2.791208791208791
m3436,2.7890625
m761,2.7886178861788617
m44,2.787781350482315
m2154,2.7857142857142856
m3879,2.7847222222222223
m464,2.7824074074074074
m2888,2.7815126050420167
m2354,2.780141843971631
m1382,2.779527559055118
m1881,2.7794117647058822
m1667,2.7787610619469025
m2856,2.7777777777777777
m2428,2.7777777777777777
m2364,2.7768595041322315
m609,2.7761194029850746
m2241,2.7751937984496124
m2656,2.774193548387097
m2387,2.774193548387097
m3459,2.774193548387097
m1726,2.7737226277372264
m2034,2.772881355932203
m2365,2.7720588235294117
m2468,2.770053475935829
m1432,2.77
m1021,2.769230769230769
m3553,2.768292682926829
m3316,2.7681660899653977
m122,2.768041237113402
m3584,2.7674418604651163
m1440,2.765432098765432
m2188,2.7644787644787643
m1746,2.7636363636363637
m3324,2.763157894736842
m186,2.7630331753554502
m3146,2.762987012987013
m3208,2.7613636363636362
m3825,2.7611940298507465
m1483,2.7588652482269502
m3758,2.7583333333333333
m2367,2.7572815533980584
m3841,2.7549019607843137
m2793,2.7547169811320753
m1604,2.753846153846154
m1983,2.753846153846154
m3258,2.752212389380531
m2629,2.75
m1373,2.7487765089722673
m1999,2.748031496062992
m2126,2.7454545454545456
m1609,2.7454545454545456
m2898,2.7450980392156863
m387,2.7450980392156863
m2558,2.74468085106383
m2491,2.739130434782609
m2269,2.737327188940092
m1762,2.73568281938326
m3688,2.734513274336283
m2589,2.734375
m533,2.7339901477832513
m177,2.7338129496402876
m3273,2.733102253032929
m157,2.732620320855615
m330,2.7315436241610738
m2121,2.730612244897959
m784,2.72987012987013
m4,2.7294117647058824
m3287,2.7286821705426356
m267,2.7285714285714286
m3484,2.728476821192053
m1011,2.725925925925926
m2606,2.7246376811594204
m3387,2.722543352601156
m1624,2.72
m1601,2.72
m3063,2.7194244604316546
m3388,2.7181208053691277
m2279,2.7168141592920354
m2259,2.716417910447761
m3500,2.711864406779661
m882,2.711864406779661
m1598,2.7117117117117115
m3835,2.707865168539326
m798,2.7058823529411766
m1550,2.704225352112676
m558,2.7037037037037037
m1991,2.702928870292887
m3285,2.702127659574468
m3693,2.697802197802198
m276,2.692982456140351
m3864,2.6923076923076925
m779,2.6923076923076925
m2026,2.68944099378882
m3225,2.6885245901639343
m2107,2.6884422110552766
m1837,2.6875
m1665,2.685
m2900,2.6832298136645965
m2616,2.6826923076923075
m3909,2.681159420289855
m1460,2.6808510638297873
m3438,2.6779026217228465
m2421,2.6771488469601676
m2007,2.6769230769230767
m2169,2.6769230769230767
m640,2.676056338028169
m1744,2.675324675324675
m542,2.674757281553398
m227,2.6744186046511627
m3394,2.6714285714285713
m3431,2.6705882352941175
m2041,2.668965517241379
m2574,2.6683417085427137
m2399,2.6681614349775784
m3857,2.6666666666666665
m1779,2.6635859519408505
m1004,2.6633663366336635
m2016,2.6605504587155964
m1037,2.6601626016260163
m1605,2.659090909090909
m9,2.656862745098039
m2790,2.6557377049180326
m414,2.6555555555555554
m1752,2.6553398058252426
m836,2.654008438818565
m315,2.65359477124183
m436,2.652482269503546
m2389,2.6515151515151514
m256,2.6513761467889907
m3901,2.650943396226415
m3577,2.65
m2451,2.646017699115044
m694,2.645390070921986
m2411,2.6453333333333333
m544,2.643410852713178
m153,2.642213642213642
m1970,2.6417910447761193
m3821,2.6411290322580645
m3764,2.6408163265306124
m1924,2.6345381526104417
m2806,2.6331658291457285
m2042,2.6321243523316062
m765,2.6315789473684212
m1523,2.6315789473684212
m1644,2.6315789473684212
m208,2.6313364055299537
m2521,2.630952380952381
m3113,2.629432624113475
m2471,2.6280193236714977
m217,2.625
m438,2.625
m881,2.6233766233766236
m3165,2.622950819672131
m1591,2.6210526315789475
m2667,2.6206896551724137
m673,2.619893428063943
m639,2.6153846153846154
m327,2.6145251396648046
m487,2.6129032258064515
m445,2.61
m2597,2.609375
m2255,2.607594936708861
m2163,2.6067961165048543
m435,2.6060037523452158
m79,2.6052631578947367
m3177,2.6011904761904763
m424,2.6
m3743,2.5974025974025974
m2500,2.596638655462185
m3354,2.5952080706179066
m2088,2.59447983014862
m2815,2.5940959409594098
m3511,2.590909090909091
m2264,2.5903614457831323
m455,2.5894736842105264
m842,2.589403973509934
m1388,2.5891891891891894
m1831,2.5847076461769114
m2862,2.5842696629213484
m3705,2.5842105263157893
m432,2.579081632653061
m3923,2.576923076923077
m172,2.576419213973799
m2385,2.5753424657534247
m990,2.574074074074074
m1461,2.574074074074074
m809,2.5714285714285716
m743,2.5700934579439254
m2253,2.5636363636363635
m1468,2.5625
m818,2.560846560846561
m840,2.56
m1515,2.5580110497237567
m2051,2.5544554455445545
m3696,2.5538461538461537
m3385,2.5531914893617023
m1702,2.552980132450331
m697,2.552941176470588
m2170,2.5528455284552845
m782,2.5517241379310347
m2147,2.54978354978355
m1756,2.549019607843137
m548,2.5474452554744524
m1431,2.5474137931034484
m332,2.546583850931677
m3840,2.544642857142857
m637,2.5428571428571427
m2446,2.5396825396825395
m3248,2.5396039603960396
m3766,2.5392670157068062
m2044,2.5384615384615383
m2050,2.5384615384615383
m3826,2.5382716049382714
m275,2.5375
m20,2.5375
m3833,2.5357142857142856
m1640,2.5357142857142856
m2835,2.5357142857142856
m2668,2.5347985347985347
m3596,2.533333333333333
m413,2.5306122448979593
m2408,2.528957528957529
m3017,2.5288461538461537
m742,2.528735632183908
m1626,2.5185185185185186
m1590,2.5180722891566263
m528,2.514705882352941
m2004,2.513440860215054
m2808,2.512
m849,2.5107632093933465
m485,2.508
m420,2.5056818181818183
m305,2.5039370078740157
m3243,2.5017064846416384
m2713,2.501187648456057
m711,2.5
m3064,2.5
m360,2.4960629921259843
m3754,2.495145631067961
m132,2.4945054945054945
m505,2.4927536231884058
m1592,2.4910714285714284
m2306,2.488888888888889
m3579,2.485294117647059
m1887,2.4833333333333334
m3453,2.4831460674157304
m2373,2.4814814814814814
m19,2.480719794344473
m415,2.4804469273743015
m3004,2.4801587301587302
m1359,2.4774774774774775
m2458,2.476923076923077
m489,2.4742268041237114
m611,2.4722222222222223
m191,2.466666666666667
m1526,2.465909090909091
m209,2.4615384615384617
m166,2.459016393442623
m15,2.458904109589041
m3616,2.4565217391304346
m518,2.4563758389261743
m3715,2.4545454545454546
m2027,2.449612403100775
m2122,2.4463519313304722
m2907,2.4460093896713615
m3646,2.4444444444444446
m2851,2.443609022556391
m2827,2.442073170731707
m2733,2.44
m312,2.4375
m2092,2.4355828220858897
m1453,2.4324324324324325
m1772,2.4304347826086956
m1655,2.4285714285714284
m416,2.4269662921348316
m1975,2.426900584795322
m258,2.423611111111111
m1995,2.423076923076923
m2902,2.4207317073170733
m3802,2.4177631578947367
m2786,2.4166666666666665
m3889,2.414814814814815
m2162,2.4124293785310735
m1985,2.4108527131782944
m2473,2.4093264248704664
m612,2.4050632911392404
m1855,2.3981481481481484
m2953,2.3929618768328447
m3709,2.3893805309734515
m2379,2.3866666666666667
m2719,2.3823529411764706
m2296,2.3819444444444446
m2986,2.3813387423935093
m3669,2.380281690140845
m429,2.379679144385027
m1005,2.3732394366197185
m3716,2.373134328358209
m3130,2.3728813559322033
m1126,2.3722397476340693
m427,2.3674698795180724
m2315,2.36734693877551
m2526,2.366412213740458
m12,2.3625
m891,2.360655737704918
m1456,2.359375
m2522,2.3544303797468356
m2460,2.353448275862069
m3048,2.352112676056338
m355,2.352059925093633
m2448,2.3492063492063493
m3024,2.347826086956522
m2404,2.3421926910299002
m92,2.340909090909091
m3895,2.3404255319148937
m1606,2.3394495412844036
m2642,2.336594911937378
m1474,2.335616438356164
m710,2.3333333333333335
m2498,2.3333333333333335
m2950,2.332369942196532
m3325,2.33125
m1987,2.32967032967033
m2906,2.328
m1882,2.3246492985971945
m1969,2.321167883211679
m1503,2.317241379310345
m1869,2.3137254901960786
m2456,2.313380281690141
m174,2.308641975308642
m173,2.3085106382978724
m2995,2.30791788856305
m2868,2.3015873015873014
m444,2.2962962962962963
m3299,2.2954545454545454
m1427,2.2941176470588234
m3692,2.293103448275862
m829,2.2900763358778624
m3391,2.28125
m688,2.276995305164319
m2119,2.272108843537415
m64,2.2658227848101267
m3432,2.263888888888889
m1839,2.260869565217391
m3946,2.26
m1562,2.257425742574257
m2053,2.257217847769029
m3710,2.254054054054054
m2149,2.2524271844660193
m1971,2.239669421487603
m160,2.2389380530973453
m1336,2.2363636363636363
m93,2.235955056179775
m2525,2.235294117647059
m2392,2.234146341463415
m3919,2.2298850574712645
m2548,2.2285714285714286
m2549,2.2285714285714286
m606,2.225806451612903
m473,2.225165562913907
m234,2.2244897959183674
m540,2.2189349112426036
m2036,2.21875
m1863,2.2183098591549295
m839,2.214814814814815
m3286,2.2131147540983607
m1623,2.2109375
m87,2.210526315789474
m3661,2.207317073170732
m2338,2.2033898305084745
m880,2.200617283950617
m1499,2.200501253132832
m3180,2.2
m419,2.1923076923076925
m1750,2.1904761904761907
m3908,2.1847826086956523
m762,2.184563758389262
m1973,2.181395348837209
m833,2.1794871794871793
m1681,2.1791044776119404
m1979,2.1785714285714284
m1977,2.1775147928994083
m1445,2.173076923076923
m2720,2.1662198391420913
m3768,2.1604938271604937
m2701,2.158536585365854
m1980,2.1538461538461537
m2113,2.151898734177215
m3031,2.150943396226415
m3190,2.1490683229813663
m3393,2.1372549019607843
m3238,2.134831460674157
m3824,2.128205128205128
m3439,2.1274900398406373
m1986,2.125984251968504
m405,2.123152709359606
m2422,2.1223776223776225
m2152,2.1159420289855073
m374,2.1147540983606556
m692,2.1132075471698113
m1992,2.112781954887218
m2568,2.107476635514019
m2828,2.1074380165289255
m1326,2.107142857142857
m3401,2.106194690265487
m71,2.1041666666666665
m2412,2.102189781021898
m2450,2.0990783410138247
m1988,2.0980392156862746
m3662,2.097826086956522
m2461,2.096774193548387
m1984,2.0952380952380953
m3767,2.0865384615384617
m631,2.08
m1978,2.0789473684210527
m65,2.062937062937063
m255,2.0606060606060606
m2514,2.060344827586207
m2748,2.051094890510949
m2903,2.0510204081632653
m193,2.0506912442396312
m1862,2.0505050505050506
m437,2.046875
m3689,2.0425531914893615
m3690,2.040983606557377
m2380,2.0306122448979593
m737,2.03
m2965,2.0277777777777777
m3877,2.021978021978022
m169,2.017699115044248
m2265,2.0
m747,2.0
m2153,1.9965277777777777
m1972,1.995
m126,1.9898989898989898
m1976,1.979899497487437
m3054,1.9779411764705883
m3774,1.96875
m2386,1.9661016949152543
m1381,1.9636963696369636
m519,1.9405940594059405
m3392,1.9363057324840764
m502,1.935483870967742
m2798,1.925
m3440,1.9202127659574468
m2381,1.9137931034482758
m1993,1.8969072164948453
m2643,1.8885542168674698
m1707,1.8766233766233766
m1731,1.875
m546,1.8742857142857143
m1760,1.8736842105263158
m1556,1.8719346049046321
m2816,1.864864864864865
m3663,1.8620689655172413
m393,1.8571428571428572
m3694,1.8548387096774193
m1389,1.8523809523809525
m1981,1.8383838383838385
m2974,1.835820895522388
m2462,1.8333333333333333
m1996,1.8303571428571428
m102,1.8166666666666667
m3695,1.8113207547169812
m3564,1.8046875
m2515,1.7884615384615385
m3268,1.782122905027933
m1998,1.7699115044247788
m2382,1.7666666666666666
m2807,1.7582417582417582
m1595,1.7384615384615385
m3572,1.7272727272727273
m2555,1.701219512195122
m3041,1.6986301369863013
m2368,1.6896551724137931
m3664,1.6851851851851851
m66,1.6701030927835052
m2383,1.657718120805369
m1599,1.6417910447761195
m2817,1.64
m3799,1.62
m181,1.6129032258064515
m3593,1.6111111111111112
m2818,1.603448275862069
m2799,1.5555555555555556
m3042,1.5538461538461539
m810,1.4666666666666666
